filename,type,width_px,height_px,frames,theme_bucket,notes
1_20260312_232019_0000.png,png,6250,2415,1,systems-diagram,Flow/system diagram
2_20260312_232020_0001.png,png,24987,5225,1,systems-diagram,Flow/system diagram
3_20260312_232021_0002.png,png,6250,2672,1,systems-diagram,Flow/system diagram
4_20260312_232021_0003.png,png,6249,2766,1,systems-diagram,Flow/system diagram
5_20260312_232021_0004.png,png,6769,22328,1,systems-diagram,Flow/system diagram
6_20260312_232021_0005.png,png,3993,6250,1,systems-diagram,Flow/system diagram
8_20260312_232022_0007.png,png,6250,2554,1,systems-diagram,Flow/system diagram
9_20260312_232022_0008.png,png,5100,24983,1,systems-diagram,Flow/system diagram
GestaltViewQR.png,png,864,864,1,neon-brand,Banner/logo/QR
GestaltView\udcad\udc83Ŀ\udcad\udc83\udcfb\udceeDesign Spec.md,md,,,,other,
Screenshot_20251031_081611_Chrome.png,png,1080,2116,1,social-proof,Community/distribution screenshot
Screenshot_20260311_130840_Reddit.jpg,jpg,1080,2340,1,social-proof,Community/distribution screenshot
Screenshot_20260311_130851_Reddit.jpg,jpg,1080,2340,1,social-proof,Community/distribution screenshot
Screenshot_20260311_131112_Discord.jpg,jpg,1080,2340,1,social-proof,Community/distribution screenshot
Screenshot_20260313_014237_Canva.jpg,jpg,1080,2340,1,font-research,Canva font evidence
Screenshot_20260313_014247_Canva.jpg,jpg,1080,2340,1,font-research,Canva font evidence
Untitled (680 x 240 px) (680 x 240 px)_20260311_125452_0000.gif,gif,1224,432,91,neon-brand,Banner/logo/QR
Untitled (680 x 240 px) (680 x 240 px)_20260311_125615_0000.gif,gif,1224,432,91,neon-brand,Banner/logo/QR
Untitled (680 x 240 px) (680 x 240 px)_20260311_125757_0000.gif,gif,680,240,91,neon-brand,Banner/logo/QR
Untitled (680 x 240 px) (680 x 240 px)_20260311_130208_0000.png,png,1785,630,1,neon-brand,Banner/logo/QR
Untitled (680 x 240 px) (680 x 240 px)_20260311_130312_0000.png,png,1020,360,1,neon-brand,Banner/logo/QR
_storage_emulated_0_Android_data_com.adobe.reader_files_Pictures_Adobe Acrobat Exports_GestaltView_Survival_Manual_0.png,png,3822,2078,1,parchment-infographic,Manual/export panel
_storage_emulated_0_Android_data_com.adobe.reader_files_Pictures_Adobe Acrobat Exports_GestaltView_Survival_Manual_1.png,png,3822,2065,1,parchment-infographic,Manual/export panel
_storage_emulated_0_Android_data_com.adobe.reader_files_Pictures_Adobe Acrobat Exports_GestaltView_Survival_Manual_10.png,png,3822,2081,1,parchment-infographic,Manual/export panel
_storage_emulated_0_Android_data_com.adobe.reader_files_Pictures_Adobe Acrobat Exports_GestaltView_Survival_Manual_11.png,png,3822,2073,1,parchment-infographic,Manual/export panel
_storage_emulated_0_Android_data_com.adobe.reader_files_Pictures_Adobe Acrobat Exports_GestaltView_Survival_Manual_12.png,png,3822,2069,1,parchment-infographic,Manual/export panel
_storage_emulated_0_Android_data_com.adobe.reader_files_Pictures_Adobe Acrobat Exports_GestaltView_Survival_Manual_2.png,png,3819,2074,1,parchment-infographic,Manual/export panel
_storage_emulated_0_Android_data_com.adobe.reader_files_Pictures_Adobe Acrobat Exports_GestaltView_Survival_Manual_3.png,png,3819,2056,1,parchment-infographic,Manual/export panel
_storage_emulated_0_Android_data_com.adobe.reader_files_Pictures_Adobe Acrobat Exports_GestaltView_Survival_Manual_4.png,png,3822,2071,1,parchment-infographic,Manual/export panel
_storage_emulated_0_Android_data_com.adobe.reader_files_Pictures_Adobe Acrobat Exports_GestaltView_Survival_Manual_5.png,png,3815,2074,1,parchment-infographic,Manual/export panel
_storage_emulated_0_Android_data_com.adobe.reader_files_Pictures_Adobe Acrobat Exports_GestaltView_Survival_Manual_6.png,png,3811,2071,1,parchment-infographic,Manual/export panel
_storage_emulated_0_Android_data_com.adobe.reader_files_Pictures_Adobe Acrobat Exports_GestaltView_Survival_Manual_7.png,png,3822,2082,1,parchment-infographic,Manual/export panel
_storage_emulated_0_Android_data_com.adobe.reader_files_Pictures_Adobe Acrobat Exports_GestaltView_Survival_Manual_8.png,png,3796,2078,1,parchment-infographic,Manual/export panel
_storage_emulated_0_Android_data_com.adobe.reader_files_Pictures_Adobe Acrobat Exports_GestaltView_Survival_Manual_9.png,png,3822,2079,1,parchment-infographic,Manual/export panel
unnamed - 2026-03-09T222138.431.png,png,2752,1536,1,concept-board,Rendered concept sheet
unnamed - 2026-03-09T222557.662.png,png,2752,1536,1,concept-board,Rendered concept sheet
unnamed - 2026-03-09T222622.341.png,png,2752,1536,1,concept-board,Rendered concept sheet
unnamed - 2026-03-10T035919.058.png,png,2752,1536,1,concept-board,Rendered concept sheet
unnamed - 2026-03-10T040011.208.png,png,2752,1536,1,concept-board,Rendered concept sheet
unnamed - 2026-03-10T042207.336.png,png,2752,1536,1,concept-board,Rendered concept sheet
unnamed - 2026-03-10T042750.460.png,png,2752,1536,1,concept-board,Rendered concept sheet
unnamed - 2026-03-10T042820.249.png,png,2752,1536,1,concept-board,Rendered concept sheet
unnamed - 2026-03-10T103238.448.png,png,2752,1536,1,concept-board,Rendered concept sheet
unnamed - 2026-03-10T180249.688.png,png,2752,1536,1,concept-board,Rendered concept sheet
unnamed - 2026-03-10T180321.544.png,png,2752,1536,1,concept-board,Rendered concept sheet
unnamed - 2026-03-12T062019.708.png,png,2752,1536,1,concept-board,Rendered concept sheet
unnamed - 2026-03-12T062057.218.png,png,2752,1536,1,concept-board,Rendered concept sheet
unnamed - 2026-03-12T064244.800.png,png,2752,1536,1,concept-board,Rendered concept sheet
unnamed - 2026-03-12T232411.905.png,png,2752,1536,1,concept-board,Rendered concept sheet
unnamed - 2026-03-12T233847.833.png,png,2752,1536,1,concept-board,Rendered concept sheet
unnamed - 2026-03-12T235330.822.png,png,2752,1536,1,concept-board,Rendered concept sheet
