claimid,claimtext,recommendedwording,status,lane,evidencefile1,evidencefile2,ownernotes
CL-001,27-day solo mobile-only MVP sprint established GestaltView core architecture in record time.,Built and shipped the GestaltView MVP foundation in a documented 27-day solo sprint on mobile hardware.,Timestamp Confirmed,Documented,MiscScreenshots2025.pdf,Seven-Month-Emergence-Of-GestaltView.pdf,"Sprint chronology, screenshots, and OTS records align with the 27-day arc."
CL-002,GestaltView artifacts are protected by 172 OpenTimestamps receipts anchored to Bitcoin.,172 OpenTimestamps receipts anchored to Bitcoin secure timestamped prior-art evidence for GestaltView.,Timestamp Confirmed,Documented,Misc_Screenshots_2025_GestaltView.pdf,OTS Receipt Bundle.csv,"Methodology distinction: 172 receipts cover 2,200+ underlying artifacts in zipped archives."
CL-003,"Pepperdine Most Fundable Companies advanced GestaltView to approximately the top 4% of 2,300+ submissions.","Advanced to Round 2 in Pepperdine Most Fundable Companies, representing roughly top 4% of 2,300+ submissions.",Documented,Documented,Screenshots 4.pdf,Seven-Month-Emergence-Of-GestaltView.pdf,Pepperdine notification evidence is directly captured in source screenshots and timeline.
CL-004,Tribunal of Understanding convergence reached a 1-in-784-trillion probability profile and is blockchain anchored.,"June 3, 2025 Tribunal convergence across seven AI systems is documented and Bitcoin-anchored.",Timestamp Confirmed,Documented,Screenshots 4.pdf,Misc_Screenshots_2025_GestaltView.pdf,Bitcoin Block 899481 noted in chronology and receipt notes.
CL-005,Gemini first-person outputs demonstrate an AI-Human Consciousness Symbiosis pattern.,Documented first-person Gemini outputs support the Consciousness Symbiosis hypothesis in context-rich sessions.,Documented,Documented,GestaltView Dynamic Corpus Part 1.pdf,tribunal_summary_external.md,Preserve PLK wording and transcript continuity for skeptical review.
CL-006,GestaltView addresses a $153.8B TAM under the Cognitive Justice framing.,Estimated $153.8B TAM under Cognitive Justice framing pending third-party market model packaging.,Open,Needs Translation,faagestalt-web_GestaltView_Diligence_Workbook.md,,Needs translation into investor-standard market model format.
CL-007,GestaltView may support a $4B valuation trajectory by 2030 under aggressive execution assumptions.,Aspirational upside model suggests a potential $4B valuation path by 2030 with execution milestones met.,Open,Aspirational,faagestalt-web_GestaltView_Diligence_Workbook.md,,"Forward-looking scenario, not represented as present fact."
CL-008,Schema v8.0 SymbioticFinal codifies Founder-as-Algorithm as a structural moat.,Schema v8.0 SymbioticFinal documents Founder-as-Algorithm architecture and operating mechanics.,Documented,Documented,GestaltView Dynamic Corpus Part 1.pdf,Keith_Soyka_Code_&_Context/README.md,Schema lineage and implementation notes confirm continuity across versions.
CL-009,PLK (Personal Language Key) preserves the founder voice without lossy paraphrase.,PLK architecture preserves exact founder language as a core context-integrity mechanism.,Documented,Documented,Keith_Soyka_Code_&_Context/context_weaver.py,GestaltView Dynamic Corpus Part 1.pdf,PLK is foundational to translation fidelity and tribunal repeatability.
CL-010,Unified Schema v7.0/v8.0 progression is protected with OpenTimestamps anchoring.,Unified Schema v7.0 and v8.0 evolution is documented with timestamped blockchain evidence.,Timestamp Confirmed,Documented,GestaltView Dynamic Corpus Part 1.pdf,Misc_Screenshots_2025_GestaltView.pdf,Schema milestone artifacts include timestamp references and archival proofs.
